url,title,channel,video_name,day,month,year,category,content
http://globoplay.globo.com/v/4645428/,Conheça quem eram os jovens metralhados por PMs no Rio,Bom dia Brasil,1,1,12,2015,journal,police
http://globoplay.globo.com/v/4645395/,Polícia procura Papai Noel que roubou helicóptero em São Paulo,Bom dia Brasil,2,1,12,2015,journal,police
http://globoplay.globo.com/v/4645436/,Trem de carga é visto como empecilho ao transporte ferroviário de passageiros em SP,Bom dia Brasil,3,1,12,2015,journal,mobility
http://globoplay.globo.com/v/4645429/,Realeza britânica faz campanha pela preservação das florestas na Conferência do Clima,Bom dia Brasil,4,1,12,2015,journal,nature
http://globoplay.globo.com/v/4645458/,Ministério da Saúde comprova ligação do mosquito Aedes aegypti com casos de microcefalia,Bom dia Brasil,5,1,12,2015,journal,health
http://globoplay.globo.com/v/4645478/,Prefeito de Mariana (MG) vai a Paris acompanhar a Conferência Mundial do Clima,Bom dia Brasil,6,1,12,2015,journal,nature
http://globoplay.globo.com/v/4645538/,Conselho de Ética decide nesta terça (1º) o andamento do processo contra Eduardo Cunha,Bom dia Brasil,7,1,12,2015,journal,politics
http://globoplay.globo.com/v/4645590/,Brasil tem má distribuição de médicos e atendimento no interior é precário,Bom dia Brasil,8,1,12,2015,journal,health
http://globoplay.globo.com/v/4645533/,"Wendell Lira, que estava desempregado, concorre ao prêmio de gol mais bonito pela Fifa",Bom dia Brasil,9,1,12,2015,journal,sports
http://globoplay.globo.com/v/4645551/,Governo japonês volta a caçar baleias,Bom dia Brasil,10,1,12,2015,journal,nature
http://g1.globo.com/pb/paraiba/bom-dia-pb/videos/t/edicoes/v/veja-as-noticias-do-esporte-na-paraiba/4645677/,Veja as notícias do Esporte na Paraíba,Bom dia PB,11,1,12,2015,journal,sports
http://g1.globo.com/pb/paraiba/bom-dia-pb/videos/t/edicoes/v/saiba-mais-sobre-os-direitos-domesticos-trabalhistas-e-previdenciarios/4645632/,"Saiba mais sobre os direitos domésticos, trabalhistas e previdenciários",Bom dia PB,12,1,12,2015,journal,jobs
http://g1.globo.com/pb/paraiba/bom-dia-pb/videos/t/edicoes/v/campanha-pede-que-vagas-em-frente-as-lojas-sejam-ocupadas-apenas-pelos-clientes-em-cg/4645641/,Campanha pede que vagas em frente às lojas sejam ocupadas apenas pelos,Bom dia PB,13,1,12,2015,journal,mobility
http://g1.globo.com/pb/paraiba/bom-dia-pb/videos/t/edicoes/v/numeros-de-criancas-com-microcefalia-dobrou-na-paraiba/4645638/,Números de crianças com microcefalia dobrou na Paraíba,Bom dia PB,14,1,12,2015,journal,health
http://g1.globo.com/pb/paraiba/bom-dia-pb/videos/t/edicoes/v/moradores-de-patos-na-paraiba-sofrem-com-calor-e-baixa-umidade-do-ar/4645651/,"Moradores de Patos, na Paraíba, sofrem com calor e baixa umidade do ar",Bom dia PB,15,1,12,2015,journal,nature
https://www.youtube.com/watch?v=lrdQDLEQFMc,Lula Molusco | Nerdologia 108,Nerdologia,16,1,12,2015,nerd,documentary
https://www.youtube.com/watch?v=8wi8v5IFN-4,Discussões de Internet | Nerdologia 109,Nerdologia,17,1,12,2015,nerd,documentary
https://www.youtube.com/watch?v=ACi8wTAuvRI,"Hoje No TecMundo (30/11/2015) - Casal do Mega Filmes HD solto, novo fone do iPhone 7 e AMD Crimson",TecMundo,18,1,12,2015,nerd,news
https://www.youtube.com/watch?v=e9CAZknD3Hc,Passageiros do Uber são agredidos por taxistas em SP e acabam no hospital,TecMundo,19,1,12,2015,nerd,news
https://www.youtube.com/watch?v=MzQh9Oru61M,Polícia Federal solta casal dono do Mega Filmes HD,TecMundo,20,1,12,2015,nerd,news
https://www.youtube.com/watch?v=zwla3k37i8k,Parece que o futuro não chegou: smartphone da Pepsi pode não sair do papel,TecMundo,21,1,12,2015,nerd,news
https://www.youtube.com/watch?v=aAnyPvMiUHk,Notebook Acer Aspire R11 [Análise] – TecMundo,TecMundo,22,1,12,2015,nerd,analysis
https://www.youtube.com/watch?v=qcahi843z6o,Xperia M5: Android com maior resolução de câmera no mundo chega ao Brasil,TecMundo,23,1,12,2015,nerd,news
https://www.youtube.com/watch?v=WCQKWbbIuS4,Sony pode anunciar um novo smartphone poderoso em janeiro,TecMundo,1,4,12,2015,nerd,news
https://www.youtube.com/watch?v=eKgNj9X19aA,Celular criado dentro de Minecraft é capaz de realizar videochamadas,TecMundo,2,4,12,2015,nerd,curiosity
https://www.youtube.com/watch?v=6j9K9wD4aEU,Tudo de novo! De que cor você vê estas pílulas?,TecMundo,3,4,12,2015,nerd,curiosity
https://www.youtube.com/watch?v=IXAb1Kn7MEs,"Hoje no TecMundo (02/12/2015) — herdeira do Facebook, caso Mega Filmes HD, iPad Pro no Brasil e mais",TecMundo,4,4,12,2015,nerd,news
https://www.youtube.com/watch?v=iROOVkdqahk,6 estratégias do Estado Islâmico para espalhar o terrorismo pela internet,TecMundo,5,4,12,2015,nerd,politics
https://www.youtube.com/watch?v=r2_bqw7Nrzs,Dica de download mobile do dia: The Last Vikings,TecMundo,6,4,12,2015,nerd,games
https://www.youtube.com/watch?v=hLojAO2TqYc,"Melhores jogos de Tiro de 2015 para Android, iPhone e Windows Phone – Baixaki",TecMundo,7,4,12,2015,nerd,games
https://www.youtube.com/watch?v=1ItA5bAE1lI,Samsung Galaxy S5 New Edition [Análise] – TecMundo,TecMundo,8,4,12,2015,nerd,analysis
https://www.youtube.com/watch?v=sXKaiNzYG70,Como o conhecimento acadêmico pode te ajudar na prática?,Portal Administradores,9,4,12,2015,nerd,self help
https://www.youtube.com/watch?v=zGS7EKC-O-U,10 pessoas que correram mais que Usain Bolt para escapar da morte,Lista10,10,4,12,2015,entertainment,funny
https://www.youtube.com/watch?v=aZJQ5lTWB0o,10 pessoas fazendo coisas que você jamais faria,Lista10,11,4,12,2015,entertainment,funny
http://g1.globo.com/videos/t/todos-os-videos/v/publico-grita-nao-vai-ter-golpe-durante-cerimonia-da-conferencia-nacional-de-saude/4653653/,Público grita 'não vai ter golpe' durante cerimônia da Conferência Nacional de Saúde,Bom Dia Brasil,12,4,12,2015,journal,politics
http://g1.globo.com/videos/t/todos-os-videos/v/camaroes-liberta-900-refens-do-boko-haram/4653444/,Camarões liberta 900 reféns do Boko Haram,Bom Dia Brasil,13,4,12,2015,journal,politics
http://g1.globo.com/pb/paraiba/bom-dia-pb/videos/t/edicoes/v/senado-federal-discute-crise-hidrica-no-nordeste/4653477/,Senado Federal discute crise hídrica no nordeste,Bom Dia Paraíba,15,4,12,2015,journal,politics
http://g1.globo.com/pb/paraiba/bom-dia-pb/videos/t/edicoes/v/exposicao-fotografica-mostra-as-igrejas-historicas-de-joao-pessoa/4653469/,Exposição fotográfica mostra as igrejas históricas de João Pessoa,Bom Dia Paraíba,16,4,12,2015,journal,history
http://globoplay.globo.com/v/4653250/,"Presidente da CBF, Marco Polo Del Nero é indiciado por corrução nos EUA",Bom Dia Brasil,19,4,12,2015,journal,sports
http://globoplay.globo.com/v/4653147/,Governo quer apressar votação do pedido de processo de impeachment,Bom Dia Brasil,20,4,12,2015,journal,politics
https://www.youtube.com/watch?v=GNIVctROoQI,A Ciência de Halo | Nerdologia 110,Nerdologia,21,4,12,2015,nerd,documentary
https://www.youtube.com/watch?v=pXtVUobPQLs,Energia | Nerdologia 111,Nerdologia,22,4,12,2015,nerd,documentary
https://www.youtube.com/watch?v=4_TU5fI-zdQ,Apocalipse Moderno | Nerdologia 102,Nerdologia,23,4,12,2015,nerd,documentary
http://g1.globo.com/pb/paraiba/bom-dia-pb/videos/t/edicoes/v/gerente-e-outros-funcionarios-sao-acusados-de-aplicar-golpe-em-churrascaria-em-joao-pessoa/4658753/,Gerente e outros funcionários são acusados de aplicar golpe em churrascaria em João Pessoa,Bom Dia PB,1,7,12,2015,journal,police
http://g1.globo.com/pb/paraiba/bom-dia-pb/videos/t/edicoes/v/telespectadores-mostram-fotos-de-possiveis-foco-do-aedes-aegypt-em-joao-pessoa/4658754/,Telespectadores mostram fotos de possíveis foco do aedes aegypt em João,Bom Dia PB,2,7,12,2015,journal,health
http://g1.globo.com/pb/paraiba/bom-dia-pb/videos/t/edicoes/v/amantes-de-automoveis-organizam-exposicao-beneficente-em-campina-grande/4658536/,Amantes de automóveis organizam exposição beneficente em Campina Grande,Bom Dia PB,3,7,12,2015,journal,charity
http://g1.globo.com/pb/paraiba/bom-dia-pb/videos/t/edicoes/v/veja-as-novidades-do-esporte-na-paraiba/4658548/,Veja as novidades do Esporte na Paraíba,Bom Dia PB,4,7,12,2015,journal,sports
http://g1.globo.com/pb/paraiba/bom-dia-pb/videos/t/edicoes/v/profissionais-paraibanos-apostam-na-criatividade-para-superar-a-crise-economica/4658556/,Profissionais paraibanos apostam na criatividade para superar a crise econômica,Bom Dia PB,5,7,12,2015,journal,economy
http://globoplay.globo.com/v/4658330/,Brasil gasta mais no tratamento da dengue do que no combate ao mosquito,Bom Dia Brasil,6,7,12,2015,journal,health
http://globoplay.globo.com/v/4658314/,Greve de agentes que controlam o Aedes Aegypti agrava combate a doenças,Bom Dia Brasil,7,7,12,2015,journal,health
http://globoplay.globo.com/v/4658387/,Brasileirão termina com recorde do Corinthians e Vasco rebaixado,Bom Dia Brasil,8,7,12,2015,journal,sports
http://globoplay.globo.com/v/4657543/,Um acessório para ter luz diurna com LED no carro,AutoEsporte,9,7,12,2015,sports,news
http://globoplay.globo.com/v/4657543/,O piloto César Urnhani ensina como usar a marcha correta em vias urbanas,AutoEsporte,10,7,12,2015,sports,tips
http://globoplay.globo.com/v/4657552/,Conheça novos motores V8 e entenda por que são tão apaixonantes,AutoEsporte,11,7,12,2015,sports,news
https://www.youtube.com/watch?v=moWsmphMQFE,7 tecnologias de Star Wars que existem na vida real – TecMundo,TecMundo,12,7,12,2015,nerd,news
https://www.youtube.com/watch?v=cwN98NJ0udE,"Melhores jogos de RPG de 2015 para Android, iPhone e Windows Phone – Baixaki",TecMundo,13,7,12,2015,nerd,games
https://www.youtube.com/watch?v=T05bP-EluIk,"Novas imagens de Capitão América: Guerra Civil com Tony, Steve e Bucky",TecMundo,14,7,12,2015,nerd,movies
https://www.youtube.com/watch?v=7DvrzwSJ4zQ,7 Mitos desmentidos sobre a bateria do seu celular,TecMundo,15,7,12,2015,nerd,news
https://www.youtube.com/watch?v=YWsOmV8Ix4U,É necessário ter cabos HDMI especiais para ver conteúdo em 4K? - TecMundo,TecMundo,16,7,12,2015,nerd,news
http://g1.globo.com/pb/paraiba/bom-dia-pb/videos/t/edicoes/v/iemanja-e-homenageada-em-joao-pessoa/4663698/,Iemanjá é homenageada em João Pessoa,Bom Dia PB,1,9,12,2015,journal,religion
http://g1.globo.com/pb/paraiba/bom-dia-pb/videos/t/edicoes/v/corpo-de-tecnica-em-enfermagem-assassinada-em-joao-pessoa-e-enterrado-hoje/4663764/,Corpo de técnica em enfermagem assassinada em João Pessoa é enterrado hoje,Bom Dia PB,2,9,12,2015,journal,police
http://g1.globo.com/pb/paraiba/bom-dia-pb/videos/t/edicoes/v/milhares-de-pessoas-participam-de-procissao-de-nsa-senhora-de-conceicao-em-cg/4663772/,Milhares de pessoas participam de procissão de Nsa. Senhora de Conceição em CG,Bom Dia PB,3,9,12,2015,journal,religion
http://g1.globo.com/pb/paraiba/bom-dia-pb/videos/t/edicoes/v/beneficiarios-do-bolsa-familia-recebem-abono-natalino-em-campina-grande/4663699/,Beneficiários do Bolsa Família recebem abono natalino em Campina,Bom Dia PB,4,9,12,2015,journal,politics
http://g1.globo.com/pb/paraiba/bom-dia-pb/videos/t/edicoes/v/feira-contra-corrupcao-acontece-em-joao-pessoa/4663702/,Feira contra corrupção acontece em João Pessoa,Bom Dia PB,5,9,12,2015,journal,politics
http://globoplay.globo.com/v/4663493/,Supremo Tribunal Federal suspende instalação da comissão especial do impeachment,Bom Dia Brasil,6,9,12,2015,journal,politics
http://globoplay.globo.com/v/4663517/,Dilma e Temer têm primeiro encontro nesta quarta (9) após carta-desabafo do vice,Bom Dia Brasil,7,9,12,2015,journal,politics
http://globoplay.globo.com/v/4663527/,Conselho de Ética adia mais uma vez votação do processo contra Eduardo Cunha,Bom Dia Brasil,8,9,12,2015,journal,politics
http://globoplay.globo.com/v/4663604/,Casos de microcefalia sobem quase cinco vezes em um mês,Bom Dia Brasil,9,9,12,2015,journal,health
http://globoplay.globo.com/v/4663621/,Consumo de combustíveis cai pela primeira vez em mais de dez anos,Bom Dia Brasil,10,9,12,2015,journal,economy
https://www.youtube.com/watch?v=0kOAn666Oqc,Moto G Edição Turbo [Análise] - TecMundo,TecMundo,11,9,12,2015,nerd,analysis
https://www.youtube.com/watch?v=_Asjgd0a3ZQ,Cases vazados mostram o que podemos esperar dos Galaxys S7 e S7+ [rumor],TecMundo,12,9,12,2015,nerd,news
https://www.youtube.com/watch?v=rBu1tjuCy_s,Brasileiro abandona linhas de celular por causa de crise e do WhatsApp,TecMundo,13,9,12,2015,nerd,economy
https://www.youtube.com/watch?v=bNa_h3e4BHQ,Mad Aces - Dica de Download Mobile,TecMundo,14,9,12,2015,nerd,games
https://www.youtube.com/watch?v=qIAMDfb_CM4,Steam Link: o box de Streaming de jogos da Valve - TecMundo,TecMundo,15,9,12,2015,nerd,games
https://www.youtube.com/watch?v=pXtVUobPQLs,Energia | Nerdologia 111,Nerdologia,16,9,12,2015,nerd,documentary
https://www.youtube.com/watch?v=GNIVctROoQI,A Ciência de Halo | Nerdologia 110,Nerdologia,17,9,12,2015,nerd,documentary
https://www.youtube.com/watch?v=8wi8v5IFN-4,Discussões de Internet | Nerdologia 109,Nerdologia,18,9,12,2015,nerd,documentary
http://g1.globo.com/pb/paraiba/bom-dia-pb/videos/t/edicoes/v/medico-explica-diferencas-entre-doencas-causadas-pelo-mosquito-aedes-aegpty/4666389/,Médico explica diferenças entre doenças causadas pelo mosquito aedes aegpty,Bom Dia Paraíba,1,10,12,2015,journal,health
http://g1.globo.com/pb/paraiba/bom-dia-pb/videos/t/edicoes/v/veja-como-colaborar-com-a-campanha-natal-sem-fome-em-joao-pessoa/4666398/,Veja como colaborar com a campanha 'Natal sem Fome' em João Pessoa,Bom Dia Paraíba,2,10,12,2015,journal,charity
http://g1.globo.com/pb/paraiba/bom-dia-pb/videos/t/edicoes/v/moradores-reclamam-da-frequencia-no-corte-no-abastecimento-de-agua-em-joao-pessoa/4666400/,Moradores reclamam da frequência no corte no abastecimento de água em,Bom Dia Paraíba,3,10,12,2015,journal,politics
http://g1.globo.com/pb/paraiba/bom-dia-pb/videos/t/edicoes/v/veja-as-novidades-do-esporte-na-paraiba/4666405/,Veja as novidades do Esporte na Paraíba,Bom Dia Paraíba,4,10,12,2015,journal,sports
http://globoplay.globo.com/v/4666125/,Dilma Rousseff e Michel Temer se reúnem e prometem relação fértil e profícua,Bom Dia Brasil,5,10,12,2015,journal,politics
http://globoplay.globo.com/v/4666190/,Pesquisadores brasileiros começam a pensar em vacina contra o zika vírus,Bom Dia Brasil,6,10,12,2015,journal,health
http://globoplay.globo.com/v/4666154/,Alta de preços também atinge alimentos vendidos nas feiras livres,Bom Dia Brasil,7,10,12,2015,journal,economy
http://globoplay.globo.com/v/4666161/,Excesso de postes em cidade do Paraná leva Ministério Público a investigar prefeitura,Bom Dia Brasil,8,10,12,2015,journal,politics
http://globoplay.globo.com/v/4666162/,Conta de luz sobe até 300% de uma hora para outra no Amapá,Bom Dia Brasil,9,10,12,2015,journal,economy
http://globoplay.globo.com/v/4666179/,Preço do material escolar deve subir novamente em 2016,Bom Dia Brasil,10,10,12,2015,journal,economy
https://www.youtube.com/watch?v=pm3do0nEuuM,Vírus Zika | Nerdologia 112,Nerdologia,11,10,12,2015,nerd,health
https://www.youtube.com/watch?v=f_ozBUARwuc,"Hoje no TecMundo (09/12/2015) — Pixel C, Marshmallow no Moto E 2015, computação quântica e mais",TecMundo,12,10,12,2015,nerd,new
https://www.youtube.com/watch?v=SAUjA17cjKU,Steam Controller [Análise] – TecMundo,TecMundo,13,10,12,2015,nerd,analysis
http://g1.globo.com/pb/paraiba/bom-dia-pb/videos/t/edicoes/v/circo-dos-7-anoes-chega-a-joao-pessoa/4669004/,Circo dos 7 Anões chega a João Pessoa,Bom Dia Paraíba,1,11,12,2015,journal,funny
http://g1.globo.com/pb/paraiba/bom-dia-pb/videos/t/edicoes/v/casas-fechadas-oferecem-risco-de-proliferacao-do-mosquito-da-dengue-em-campina-grande/4669013/,Casas fechadas oferecem risco de proliferação do mosquito da dengue em Campina Grande,Bom Dia Paraíba,2,11,12,2015,journal,health
http://g1.globo.com/pb/paraiba/bom-dia-pb/videos/t/edicoes/v/programe-se-com-a-agenda-cultural-do-bdpb/4669015/,Programe-se com a agenda cultural do BDPB,Bom Dia Paraíba,3,11,12,2015,journal,funny
http://globoplay.globo.com/v/4668697/,Ameaça do zika vírus faz aumentar procura por repelente nas farmácias,Bom Dia Brasil,4,11,12,2015,journal,health
http://globoplay.globo.com/v/4668728/,Crise na economia diminui o movimento nas estradas brasileiras,Bom Dia Brasil,5,11,12,2015,journal,economy
http://globoplay.globo.com/v/4668741/,Rodovias de São Paulo têm dezenas de radares desligados,Bom Dia Brasil,6,11,12,2015,journal,police
http://globoplay.globo.com/v/4668802/,STF decide regras para processo de impeachment na próxima quarta-feira (16),Bom Dia Brasil,7,11,12,2015,journal,politics
http://globoplay.globo.com/v/4668851/,Conselho de Ética adia decisão sobre processo contra Cunha após deputados trocarem tapas,Bom Dia Brasil,8,11,12,2015,journal,politics
http://globoplay.globo.com/v/4668828/,Fiscalização nas lojas do país verifica segurança dos brinquedos para o Natal,Bom Dia Brasil,9,11,12,2015,journal,health
http://globoplay.globo.com/v/4668847/,Técnica promete reverter a queda de cabelos causada pela quimioterapia,Bom Dia Brasil,10,11,12,2015,journal,health
http://globoplay.globo.com/v/4668848/,Mulheres participam da primeira eleição na Arábia Saudita,Bom Dia Brasil,11,11,12,2015,journal,politics
https://www.youtube.com/watch?v=JurEsndsp6s,Engenheiro cria carro esportivo feito quase que inteiramente de madeira,TecMundo,12,11,12,2015,nerd,news
https://www.youtube.com/watch?v=LQ5UZ5O2DnE,Absurdo: empresa de cartão de crédito troca sobrenome de cliente por xingão,TecMundo,13,11,12,2015,nerd,news
https://www.youtube.com/watch?v=yb82JQVWYSo,ASUS e LG fazem piada sobre novo case com bateria extra para o iPhone 6s,TecMundo,14,11,12,2015,nerd,news
https://www.youtube.com/watch?v=pe91VGN5qT8,"Em parceria com a NASA, Google demonstra avanços na computação quântica",TecMundo,15,11,12,2015,nerd,news
https://www.youtube.com/watch?v=4q2JGULC0pE,Motorola atualiza lista de aparelhos que vão receber o Android Marshmallow,TecMundo,16,11,12,2015,nerd,news
https://www.youtube.com/watch?v=aLo_iDNkv7U,"Google finalmente lança o Pixel C, o seu primeiro tablet Android",TecMundo,17,11,12,2015,nerd,news
https://www.youtube.com/watch?v=RsUD8CTDdAw,Falta de água | Nerdologia 59,Nerdologia,18,11,12,2015,nerd,documentary
https://www.youtube.com/watch?v=EpIga48tzdw,Desafio Qual é a Música?,Vinheteiro,12,23,11,2015,musician,funny
https://www.youtube.com/watch?v=It0cowaiU80,"""Morre Chaves hoje dia 28/11/2014 e esta é a minha homenagem ao Roberto Bolaños""",Vinheteiro,21,23,11,2015,musician,funny
https://www.youtube.com/watch?v=ysWcDAGyyF0,Darude - Sandstorm (Live Keyboard Playing Remix),Vinheteiro,11,23,11,2015,musician,funny
https://www.youtube.com/watch?v=rAAMA5hDDqo,Star Wars - Duel of Fates on Piano - Epic lightsaber music,Vinheteiro,37,23,11,2015,musician,funny
https://www.youtube.com/watch?v=ByXxWBshJVo,Super Mario Bros Ending Theme on Piano,Vinheteiro,41,23,11,2015,musician,games
https://www.youtube.com/watch?v=bGT-BPhR0x8,Musica dos Simpsons na Pianola - Simpsons theme in a Piano Roll,Vinheteiro,23,23,11,2015,musician,funny
https://www.youtube.com/watch?v=kGz59kj62og,Vinheta Futebol Globo - Música de Futebol da Globo,Vinheteiro,46,23,11,2015,musician,funny
https://www.youtube.com/watch?v=fpIDOVnWn2A,Super Mario World - Overworld theme on piano,Vinheteiro,42,23,11,2015,musician,funny
https://www.youtube.com/watch?v=yMMycSccobc,Brazilian Music - Tico Tico no fuba on piano,Vinheteiro,7,23,11,2015,musician,funny
https://www.youtube.com/watch?v=Os0zmiMfRjM,Super Mario Bros. 2 Overworld Theme on piano,Vinheteiro,40,23,11,2015,musician,games
https://www.youtube.com/watch?v=keWN9eKyy3A,Stormtrooper plays Cantina Band music on piano - Starwars soundtrack,Vinheteiro,38,23,11,2015,musician,funny
https://www.youtube.com/watch?v=AiC7lkqgvFo,Reginaldo Rossi no Piano - Música Brega - Garçom,Vinheteiro,35,23,11,2015,musician,funny
https://www.youtube.com/watch?v=q9dWbqWPU5U,Piradinha em 5 ritmos diferentes - Música da Novela Amor a Vida - piri piri pira pira,Vinheteiro,30,23,11,2015,musician,funny
https://www.youtube.com/watch?v=krQMnfmFsKc,Attack on Titan theme on piano - Shingeki no Kyojin music - Anime Theme Songs,Vinheteiro,6,23,11,2015,musician,funny
https://www.youtube.com/watch?v=tCb76mCouZI,Naruto theme on piano - Blue Bird - Naruto Shippuden music - Anime Theme Songs,Vinheteiro,25,23,11,2015,musician,funny
https://www.youtube.com/watch?v=i-JIvpOsWz0,Mortal Kombat Theme Song on Piano - Mortal Kombat Classical Version on Piano,Vinheteiro,22,23,11,2015,musician,funny
https://www.youtube.com/watch?v=LyClNRLF-3U,Pokemon versão Sertanejo com Fábio Lima,Vinheteiro,31,23,11,2015,musician,funny
https://www.youtube.com/watch?v=HfnXPqdV8rU,Iron Man 3 Music on Piano - Iron Man 3 Theme - Main Theme Soundtrack,Vinheteiro,18,23,11,2015,musician,funny
https://www.youtube.com/watch?v=c04d17cGuog,Musica Top Gear Orquestrada - Orquestra toca a música do Top Gear,Vinheteiro,24,23,11,2015,musician,games
https://www.youtube.com/watch?v=p21TNeudd6M,Walking Dead Music on Piano - Main Title Opening Theme,Vinheteiro,47,23,11,2015,musician,funny
https://www.youtube.com/watch?v=7riLTnAoi5U,X-MEN theme on piano ( x-men 90´s cartoon opening music ),Vinheteiro,49,23,11,2015,musician,funny
https://www.youtube.com/watch?v=O-3hEaovEHY,Donkey Kong Country Theme on Piano - 3 Donkey Kong Music,Vinheteiro,14,23,11,2015,musician,games
https://www.youtube.com/watch?v=-DzBF4qt5sk,Dicas para Fuvest: português e literatura,TV Estadão,16,23,11,2015,journal,news
https://www.youtube.com/watch?v=CKfFeM6zSa0,Por que o Netflix faz tanto sucesso?,TV Estadão,32,23,11,2015,journal,news
https://www.youtube.com/watch?v=LI5B2iWNmbc,Streaming: um jeito novo de ouvir música,TV Estadão,39,23,11,2015,journal,news
https://www.youtube.com/watch?v=h06j3gtALlw,Como funcionam as eleições nos EUA - Debates,TV Estadão,34,23,11,2015,journal,politics
https://www.youtube.com/watch?v=OU9NjLV9-tg,De onde vem o Halloween?,TV Estadão,36,23,11,2015,journal,news
https://www.youtube.com/watch?v=4UeMshwSU6k,Dicas para Fuvest: biologia,TV Estadão,45,23,11,2015,journal,news
https://www.youtube.com/watch?v=8FsmKx0xq6Q,Melhores apps para Android: (20/11/2015) - Baixaki Android,TecMundo,20,23,11,2015,nerd,games
https://www.youtube.com/watch?v=7GW0HBo55A0,Novos rumores sugerem iPhone 7 com 3 GB de RAM e design à prova d'água,TecMundo,26,23,11,2015,nerd,news
https://www.youtube.com/watch?v=cAzU7qYAXYc,Este vídeo mostra por que você não deve acreditar em todo viral no YouTube,TecMundo,17,23,11,2015,nerd,news
https://www.youtube.com/watch?v=ehBPCu71nJs,"""Um dia depois Mega Filmes HD volta ao ar em novo domínio""",TecMundo,44,23,11,2015,nerd,news
https://www.youtube.com/watch?v=h4TimFltbkg,WhatsApp e Telegram fazem cópias de suas imagens sem que você fique sabendo,TecMundo,48,23,11,2015,nerd,news
https://www.youtube.com/watch?v=yNwgKpTDS_Y,Dica de download mobile do dia: Kill Shot Bravo,TecMundo,13,23,11,2015,nerd,games
https://www.youtube.com/watch?v=C2fxf_02m8c,Olhar Digital: Por que os smartphones esquentam tanto?,OlharDigital,27,23,11,2015,nerd,news
https://www.youtube.com/watch?v=PvGmZEprK08,10 pessoas fazendo coisas incrivelmente rápidas,Lista10,2,23,11,2015,nerd,news
https://www.youtube.com/watch?v=OxSW5_ZIZmA,Os 10 cães mais engraçados da internet,Lista10,29,23,11,2015,nerd,funny
https://www.youtube.com/watch?v=RCZmli6NETA,10 gestos bonitos no mundo do futebol,Lista10,1,23,11,2015,nerd,sports
https://www.youtube.com/watch?v=xcL43fp-gi4,Três rotinas para reduzir o estresse,Arata Academy,43,23,11,2015,nerd,selfhelp
https://www.youtube.com/watch?v=iQC0OjZR7ls,Lidando com Pessoas Difíceis - O Kit de Sobrevivência,Arata Academy,19,23,11,2015,nerd,selfhelp
https://www.youtube.com/watch?v=vCesrJxi6bU,Crise econômica: perfis de funcionários em risco,Arata Academy,10,23,11,2015,nerd,selfhelp
https://www.youtube.com/watch?v=LRvnELNQHcc,Qual é o momento certo para tirar minha ideia do papel?,Portal dos Administradores,33,23,11,2015,nerd,selfhelp
https://www.youtube.com/watch?v=3nEOUlnl6GM,O que preciso avaliar antes de decidir por uma carreira?,Portal dos Administradores,28,23,11,2015,nerd,selfhelp
https://www.youtube.com/watch?v=YFL9kef6d7Y,Conheça a estudante de Administração que conquistou a internet como escritora,Portal dos Administradores,15,23,11,2015,nerd,selfhelp
http://g1.globo.com/pb/paraiba/bom-dia-pb/videos/t/edicoes/v/mulher-e-atropelada-em-frente-a-faculdade-particular-na-br-230-em-cabedelo/4629957/,"Mulher é atropelada em frente à faculdade particular na BR-230, em Cabedelo",1,Bom dia pb,24,11,2015,journal,police
http://g1.globo.com/pb/paraiba/bom-dia-pb/videos/t/edicoes/v/acidente-na-br-230-deixa-tres-mortos-proximo-a-soledade-na-paraiba/4629958/,"Acidente na BR-230 deixa três mortos próximo a Soledade, na Paraíba",2,Bom dia pb,24,11,2015,journal,police
http://g1.globo.com/pb/paraiba/bom-dia-pb/videos/t/edicoes/v/bandidos-roubam-motos-para-colocar-pecas-a-venda-em-joao-pessoa/4629961/,"Bandidos roubam motos para colocar peças à venda, em João Pessoa",6,Bom dia pb,24,11,2015,journal,police
http://g1.globo.com/pb/paraiba/bom-dia-pb/videos/t/edicoes/v/veja-as-fotos-do-amanhecer-na-paraiba/4629954/,Veja as fotos do amanhecer na Paraíba,7,Bom dia pb,24,11,2015,journal,nature
http://g1.globo.com/pb/paraiba/bom-dia-pb/videos/t/edicoes/v/veja-as-noticias-do-esporte-na-paraiba/4629968/,Veja as notícias do Esporte na Paraíba,10,Bom dia pb,24,11,2015,journal,sports
http://g1.globo.com/pb/paraiba/bom-dia-pb/videos/t/edicoes/v/veja-dicas-de-como-aproveitar-os-descontos-da-black-friday-sem-riscos/4629963/,Veja dicas de como aproveitar os descontos da Black Friday sem riscos,11,Bom dia pb,24,11,2015,journal,economy
http://g1.globo.com/pb/paraiba/bom-dia-pb/videos/t/edicoes/v/preso-do-regime-semi-aberto-e-assassinado-em-padaria-em-campina-grande/4629972/,Preso do regime semi-aberto é assassinado em padaria em Campina Grande,12,Bom dia pb,24,11,2015,journal,police
http://g1.globo.com/pb/paraiba/bom-dia-pb/videos/t/edicoes/v/tire-suas-duvidas-sobre-o-pagamento-do-13-salario/4629956/,Tire suas dúvidas sobre o pagamento do 13º Salário,13,Bom dia pb,24,11,2015,journal,economy
https://www.youtube.com/watch?v=hL1Z6kdJ1ds,10 probabilidades de algumas coisas acontecerem na sua vida,3,Lista10,24,11,2015,nerd,news
https://www.youtube.com/watch?v=v0FtUMxrmc0,10 vídeos engraçados de pessoas tomando choque,4,Lista10,24,11,2015,nerd,funny
https://www.youtube.com/watch?v=baD2uP9tI0w,"""30 anos do Windows Saga Mega Filmes HD e Ex-namorados no Facebook - Hoje no TecMundo (20/11/2k15)""",5,TecMundo,24,11,2015,nerd,news
https://www.youtube.com/watch?v=Be2EwWDfbCY,Bel Pesce diz o que você precisa (mas nem sempre quer) ouvir,8,Portal dos Administradores,24,11,2015,nerd,selfhelp
https://www.youtube.com/watch?v=YwnUNohXA3Q,Como lidar com seus medos,9,Portal dos Administradores,24,11,2015,nerd,selfhelp
http://g1.globo.com/pb/paraiba/bom-dia-pb/videos/t/economia/v/entenda-como-o-aumento-do-dolar-influencia-na-economia-brasileira/4386973/,Entenda como o aumento do dólar influencia na economia brasileira,14,Bom dia pb,24,11,2015,journal,economy
http://g1.globo.com/videos/t/g1-em-1-minuto/v/g1-em-1-minuto-pf-prende-lider-do-governo-no-senado-e-banqueiro-do-btg/4632542/,G1 em 1 Minuto: PF prende líder do governo no Senado e banqueiro do BTG,g1 em 1 minuto,11,25,11,2015,journal,politics
http://g1.globo.com/videos/t/g1-em-1-minuto/v/g1-em-1-minuto-votacao-sobre-cunha-no-conselho-de-etica-e-adiada/4631164/,G1 em 1 Minuto: votação sobre Cunha no Conselho de Ética é adiada,g1 em 1 minuto,12,25,11,2015,journal,politics
http://g1.globo.com/videos/t/g1-em-1-minuto/v/g1-em-1-minuto-lama-ja-avanca-15-km-ao-norte-do-mar-do-espirito-santo/4630996/,G1 em 1 Minuto: Lama já avança 15 km ao norte do mar do Espírito Santo,g1 em 1 minuto,9,25,11,2015,journal,nature
http://g1.globo.com/videos/t/g1-em-1-minuto/v/g1-em-1-minuto-britanica-descobre-que-estava-sendo-traida-e-se-vinga-do-marido/4630188/,G1 em 1 Minuto: britânica descobre que estava sendo traída e se vinga do marido,g1 em 1 minuto,8,25,11,2015,journal,police
http://g1.globo.com/videos/t/g1-em-1-minuto/v/g1-em-1-minuto-pf-prende-jose-carlos-bumlai/4630068/,G1 em 1 Minuto: PF prende José Carlos Bumlai,g1 em 1 minuto,10,25,11,2015,journal,police
http://g1.globo.com/pb/paraiba/bom-dia-pb/videos/t/edicoes/v/incluir-sementes-de-jerimum-na-dieta-ajuda-na-perda-de-peso/4632413/,Incluir sementes de jerimum na dieta ajuda na perda de peso,bom dia pb,14,25,11,2015,journal,health
http://g1.globo.com/pb/paraiba/bom-dia-pb/videos/t/edicoes/v/hoje-e-dia-do-doador-de-sangue/4632416/,Hoje é Dia do Doador de Sangue,bom dia pb,13,25,11,2015,journal,charity
http://g1.globo.com/pb/paraiba/bom-dia-pb/videos/t/edicoes/v/veja-dicas-para-economizar-no-periodo-de-crise/4632406/,Veja dicas para economizar no período de crise,bom dia pb,21,25,11,2015,journal,economy
http://g1.globo.com/pb/paraiba/bom-dia-pb/videos/t/edicoes/v/combustivel-e-mais-caro-em-campina-grande-do-que-na-capital-segundo-pesquisa/4632424/,Combustível é mais caro em Campina Grande do que na Capital segundo pesquisa,bom dia pb,5,25,11,2015,journal,economy
http://g1.globo.com/pb/paraiba/bom-dia-pb/videos/t/edicoes/v/saiba-o-que-fazer-quando-problemas-nos-fios-da-rua-prejudicam-servicos-de-internet/4632420/,Saiba o que fazer quando problemas nos fios da rua prejudicam serviços de Internet,bom dia pb,20,25,11,2015,journal,news
http://g1.globo.com/videos/t/oficina-g1/v/guia-pratico-134-seu-carro-fala-aprenda-a-identificar-sintomas-de-problemas/4389124/,Guia Prático #134: Seu carro 'fala'. Aprenda a identificar sintomas de problemas,Guia Prático g1,23,25,11,2015,journal,news
https://www.youtube.com/watch?v=ROwk4TucN3c,Moto G (2015) de 3ª geração [Análise] – TecMundo,Tecmundo,15,25,11,2015,nerd,analysis
https://www.youtube.com/watch?v=yTQfan4NyFM,Moto X Force [Análise] – TecMundo,Tecmundo,16,25,11,2015,nerd,analysis
https://www.youtube.com/watch?v=gVqlCe9xLvM,Apple iPhone 6s e iPhone 6s Plus [Análise] – TecMundo,Tecmundo,4,25,11,2015,nerd,analysis
https://www.youtube.com/watch?v=4TgwGu9KWtY,Dicas - Como aumentar o sinal da rede Wi-Fi (sem fio) – Tecmundo,Tecmundo,6,25,11,2015,nerd,selfhelp
https://www.youtube.com/watch?v=tcbylZOtpk4,Dicas para recuperar CDs e DVDs riscados – Baixaki,Tecmundo,7,25,11,2015,nerd,selfhelp
https://www.youtube.com/watch?v=nwZsxeG5ACo,Dicas - Como ligar o PC na televisão – Baixaki,Tecmundo,22,25,11,2015,nerd,selfhelp
https://www.youtube.com/watch?v=eANH5f1ul7s,O Poder do Coletivo | Nerdologia 95,Nerdologia,17,25,11,2015,nerd,documentary
https://www.youtube.com/watch?v=qip5YJw-f9c,Racismo | Nerdologia 90,Nerdologia,19,25,11,2015,nerd,documentary
https://www.youtube.com/watch?v=S0Mz5ZpZhvY,Os 10 cachorros mais sonhadores da internet,Lista10,18,25,11,2015,nerd,funny
https://www.youtube.com/watch?v=jM8hu-XTT3Q,10 grandes trapalhadas do futebol,Lista10,3,25,11,2015,nerd,funny
https://www.youtube.com/watch?v=aDDeyhfltpc,10 cães que não gostam nem um pouco de banho,Lista10,1,25,11,2015,nerd,funny
https://www.youtube.com/watch?v=MEJXWRjjyek,10 coisas que devem ter sido bem dolorosas,Lista10,2,25,11,2015,nerd,funny
https://www.youtube.com/watch?v=A9DRyzc-ftk,Por que Alckmin quer fechar escolas em São Paulo?,TV Estadão,16,26,11,2015,journal,politics
https://www.youtube.com/watch?v=zRTNCHbVY4s,A origem do Estado Islâmico,TV Estadão,5,26,11,2015,journal,history
https://www.youtube.com/watch?v=X4GsJFBAkHg,O acervo esquecido de Santos-Dumont,TV Estadão,17,26,11,2015,journal,history
https://www.youtube.com/watch?v=_dmWn8-Uu9A,Economia de Água e Energia Elétrica,TV Escola,18,26,11,2015,journal,economy
https://www.youtube.com/watch?v=d7zo6wgCVa8,Aproveitamento da Água da Chuva,TV Escola,6,26,11,2015,journal,nature
https://www.youtube.com/watch?v=d5NqFs_Zkdo,Mudanças de Hábitos,TV Escola,21,26,11,2015,journal,nature
https://www.youtube.com/watch?v=OnO3URwyAqo,"Água, Consumo Consciente",TV Escola,4,26,11,2015,journal,nature
https://www.youtube.com/watch?v=NtPFpa-a8zM,5 Dicas para Economizar Água,TV Escola,1,26,11,2015,journal,economy
https://www.youtube.com/watch?v=8wi8v5IFN-4,Discussões de Internet | Nerdologia 109,Nerdologia,3,26,11,2015,nerd,documentary
http://g1.globo.com/videos/t/todos-os-videos/v/papa-francisco-celebra-missa-para-milhares-de-pessoas-em-nairobi-no-quenia/4634973/,"Papa Francisco celebra missa para milhares de pessoas em Nairóbi, no Quênia",G1 em 1 minuto,20,26,11,2015,journal,religion
http://globoplay.globo.com/v/4635228/,"Com um mês de vida, Helena faz reabilitação para tratar a microcefalia",Bem Estar,7,26,11,2015,journal,health
http://globoplay.globo.com/v/4635209/,Gestante faz exame do líquido amniótico e descobre que foi contaminada pelo Zika Vírus,Bem Estar,9,26,11,2015,journal,health
http://globoplay.globo.com/v/4635226/,Entenda de onde veio o Zika Vírus,Bem Estar,8,26,11,2015,journal,health
http://globoplay.globo.com/v/4634935/,Gravação mostra discussão de um plano de fuga para Nestor Cerveró,Bom dia Brasil,10,26,11,2015,journal,politics
http://globoplay.globo.com/v/4634875/,Senado decide manter Delcídio do Amaral preso,Bom dia Brasil,11,26,11,2015,journal,politics
http://globoplay.globo.com/v/4634866/,STF nega qualquer influência de Delcídio para tentar livrar Nestor Cerveró,Bom dia Brasil,12,26,11,2015,journal,politics
http://www.foxsports.com.br/videos/574716483755-clima-quente-na-vila-simon-analisa-polemicas-de-santos-x-palmeiras-veja,Clima quente na Vila! Simon analisa polêmicas de Santos x Palmeiras. Veja!,Fox Sports,13,26,11,2015,sports,sports
http://www.foxsports.com.br/videos/574707779580-tiazinha-vidente-acerta-placar-da-1%C2%AA-partida-da-decisao-e-frustra-palmeirenses,Tiazinha vidente' acerta placar da 1ª partida da decisão e frustra palmeirenses,Fox Sports,14,26,11,2015,sports,sports
http://www.foxsports.com.br/videos/574702147972-de-olho-na-decisao-dorival-diz-que-poupara-titulares-contra-o-vasco,"De olho na decisão, Dorival diz que poupará titulares contra o Vasco",Fox Sports,23,26,11,2015,sports,sports
http://www.foxsports.com.br/videos/574522947764-melhores-momentos-de-santos-1-x-0-palmeiras-pela-final-da-copa-do-brasil,Melhores momentos de Santos 1 x 0 Palmeiras pela final da Copa do Brasil,Fox Sports,24,26,11,2015,sports,sports
http://globoplay.globo.com/v/4634684/,Ricardo Oliveira reclama agressão de Jackson em Santos x Palmeiras,Globo Esporte,26,26,11,2015,journal,sports
http://g1.globo.com/pb/paraiba/bom-dia-pb/videos/t/edicoes/v/encontro-da-musica-nacional-de-raiz-acontece-em-campina-grande/4635164/,Encontro da Música Nacional de Raiz acontece em Campina Grande,Bom dia PB,25,26,11,2015,journal,funny
http://g1.globo.com/pb/paraiba/bom-dia-pb/videos/t/edicoes/v/cerca-de-300-mil-paraibanos-estao-com-contas-de-energia-atrasadas/4635183/,Cerca de 300 mil paraibanos estão com contas de energia atrasadas,Bom dia PB,15,26,11,2015,journal,economy
http://g1.globo.com/pb/paraiba/bom-dia-pb/videos/t/edicoes/v/adolescente-e-apreendida-com-10kg-de-maconha-em-cabedelo/4635182/,Adolescente é apreendida com 10kg de maconha em Cabedelo,Bom dia PB,2,26,11,2015,journal,police
http://g1.globo.com/pb/paraiba/bom-dia-pb/videos/t/edicoes/v/veja-dicas-para-fazer-compras-vantajosas-durante-a-black-friday/4635184/,Veja dicas para fazer compras vantajosas durante a Black Friday,Bom dia PB,22,26,11,2015,journal,economy
http://g1.globo.com/pb/paraiba/bom-dia-pb/videos/t/edicoes/v/calor-tem-influenciado-floracao-dos-ipes-em-campina-grande-e-joao-pessoa/4635127/,Calor tem influenciado floração dos ipês em Campina Grande e João Pessoa,Bom dia PB,28,26,11,2015,journal,nature
http://g1.globo.com/pb/paraiba/bom-dia-pb/videos/t/edicoes/v/acoes-de-conscientizacao-tem-ajudado-a-dimimuir-os-casos-de-dengue-em-jp/4635147/,Ações de conscientização têm ajudado a dimimuir os casos de dengue em JP,Bom dia PB,27,26,11,2015,journal,health
https://www.youtube.com/watch?v=A9DRyzc-ftk,Por que Alckmin quer fechar escolas em São Paulo?,TV Estadão,16,26,11,2015,journal,politics
https://www.youtube.com/watch?v=X4GsJFBAkHg,O acervo esquecido de Santos-Dumont,TV Estadão,17,26,11,2015,journal,history
https://www.youtube.com/watch?v=_dmWn8-Uu9A,Economia de Água e Energia Elétrica,TV Escola,18,26,11,2015,journal,economy
https://www.youtube.com/watch?v=d7zo6wgCVa8,Aproveitamento da Água da Chuva,TV Escola,6,26,11,2015,journal,nature
https://www.youtube.com/watch?v=d5NqFs_Zkdo,Mudanças de Hábitos,TV Escola,21,26,11,2015,journal,nature
https://www.youtube.com/watch?v=OnO3URwyAqo,"Água, Consumo Consciente",TV Escola,4,26,11,2015,journal,nature
https://www.youtube.com/watch?v=NtPFpa-a8zM,5 Dicas para Economizar Água,TV Escola,1,26,11,2015,journal,nature
http://g1.globo.com/videos/t/todos-os-videos/v/papa-francisco-celebra-missa-para-milhares-de-pessoas-em-nairobi-no-quenia/4634973/,"Papa Francisco celebra missa para milhares de pessoas em Nairóbi, no Quênia",G1 em 1 minuto,20,26,11,2015,journal,religion
http://globoplay.globo.com/v/4635228/,"Com um mês de vida, Helena faz reabilitação para tratar a microcefalia",Bem Estar,7,26,11,2015,journal,health
http://globoplay.globo.com/v/4635209/,Gestante faz exame do líquido amniótico e descobre que foi contaminada pelo Zika Vírus,Bem Estar,9,26,11,2015,journal,health
http://globoplay.globo.com/v/4635226/,Entenda de onde veio o Zika Vírus,Bem Estar,8,26,11,2015,journal,health
http://globoplay.globo.com/v/4634935/,Gravação mostra discussão de um plano de fuga para Nestor Cerveró,Bom dia Brasil,10,26,11,2015,journal,politics
http://globoplay.globo.com/v/4634875/,Senado decide manter Delcídio do Amaral preso,Bom dia Brasil,11,26,11,2015,journal,politics
http://globoplay.globo.com/v/4634866/,STF nega qualquer influência de Delcídio para tentar livrar Nestor Cerveró,Bom dia Brasil,12,26,11,2015,journal,politics
http://www.foxsports.com.br/videos/574716483755-clima-quente-na-vila-simon-analisa-polemicas-de-santos-x-palmeiras-veja,Clima quente na Vila! Simon analisa polêmicas de Santos x Palmeiras. Veja!,Fox Sports,13,26,11,2015,sports,sports
http://www.foxsports.com.br/videos/574707779580-tiazinha-vidente-acerta-placar-da-1%C2%AA-partida-da-decisao-e-frustra-palmeirenses,Tiazinha vidente' acerta placar da 1ª partida da decisão e frustra palmeirenses,Fox Sports,14,26,11,2015,sports,sports
http://www.foxsports.com.br/videos/574702147972-de-olho-na-decisao-dorival-diz-que-poupara-titulares-contra-o-vasco,"De olho na decisão, Dorival diz que poupará titulares contra o Vasco",Fox Sports,23,26,11,2015,sports,sports
http://www.foxsports.com.br/videos/574522947764-melhores-momentos-de-santos-1-x-0-palmeiras-pela-final-da-copa-do-brasil,Melhores momentos de Santos 1 x 0 Palmeiras pela final da Copa do Brasil,Fox Sports,24,26,11,2015,sports,sports
http://globoplay.globo.com/v/4634684/,Ricardo Oliveira reclama agressão de Jackson em Santos x Palmeiras,Globo Esporte,26,26,11,2015,sports,sports
http://g1.globo.com/pb/paraiba/bom-dia-pb/videos/t/edicoes/v/encontro-da-musica-nacional-de-raiz-acontece-em-campina-grande/4635164/,Encontro da Música Nacional de Raiz acontece em Campina Grande,Bom dia PB,25,26,11,2015,journal,funny
http://g1.globo.com/pb/paraiba/bom-dia-pb/videos/t/edicoes/v/cerca-de-300-mil-paraibanos-estao-com-contas-de-energia-atrasadas/4635183/,Cerca de 300 mil paraibanos estão com contas de energia atrasadas,Bom dia PB,15,26,11,2015,journal,economy
http://g1.globo.com/pb/paraiba/bom-dia-pb/videos/t/edicoes/v/veja-dicas-para-fazer-compras-vantajosas-durante-a-black-friday/4635184/,Veja dicas para fazer compras vantajosas durante a Black Friday,Bom dia PB,22,26,11,2015,journal,economy
http://g1.globo.com/pb/paraiba/bom-dia-pb/videos/t/edicoes/v/calor-tem-influenciado-floracao-dos-ipes-em-campina-grande-e-joao-pessoa/4635127/,Calor tem influenciado floração dos ipês em Campina Grande e João Pessoa,Bom dia PB,28,26,11,2015,journal,nature
http://g1.globo.com/pb/paraiba/bom-dia-pb/videos/t/edicoes/v/acoes-de-conscientizacao-tem-ajudado-a-dimimuir-os-casos-de-dengue-em-jp/4635147/,Ações de conscientização têm ajudado a dimimuir os casos de dengue em JP,Bom dia PB,27,26,11,2015,journal,health
https://www.youtube.com/watch?v=8wi8v5IFN-4,Discussões de Internet | Nerdologia 109,Nerdologia,3,27,11,2015,nerd,documentary
https://www.youtube.com/watch?v=zRTNCHbVY4s,A origem do Estado Islâmico,TV Estadão,5,27,11,2015,journal,history
http://g1.globo.com/pb/paraiba/bom-dia-pb/videos/t/edicoes/v/kako-marques-continua-maratona-de-exercicios-no-projeto-la-vem-o-verao/4637758/,Kako Marques continua maratona de exercícios no projeto 'Lá Vem o Verão',Bom dia PB,2,27,11,2015,journal,health
http://g1.globo.com/pb/paraiba/bom-dia-pb/videos/t/edicoes/v/policial-e-dois-suspeitos-sao-baleados-em-tiroteio-em-joao-pessoa/4637738/,Policial e dois suspeitos são baleados em tiroteio em João Pessoa,Bom dia PB,4,27,11,2015,journal,police
http://g1.globo.com/pb/paraiba/bom-dia-pb/videos/t/edicoes/v/empresa-organiza-gincana-para-colaborar-com-campanha-natal-sem-fome-em-jp/4637775/,Empresa organiza gincana para colaborar com campanha 'Natal sem Fome' em JP,Bom dia PB,1,27,11,2015,journal,charity
http://g1.globo.com/pb/paraiba/bom-dia-pb/videos/t/edicoes/v/saiba-os-direitos-do-consumidor-nas-compras-do-black-friday/4637798/,Saiba os direitos do consumidor nas compras do Black Friday,Bom dia PB,6,27,11,2015,journal,economy
http://g1.globo.com/pb/paraiba/bom-dia-pb/videos/t/edicoes/v/veja-as-opcoes-de-lazer-para-o-fim-de-semana-em-campina-grande-e-joao-pessoa/4637732/,Veja as opções de lazer para o fim de semana em Campina Grande e João Pessoa,Bom dia PB,7,27,11,2015,journal,news
https://www.youtube.com/watch?v=DWWDCpr-L_Q,"Hoje no TecMundo (23/11/2015) — Mega ""Fake"" HD, usuários do Popcorn Time rastreados e mais",TecMundo,10,27,11,2015,nerd,news
https://www.youtube.com/watch?v=yTQfan4NyFM,Moto X Force [Análise] - TecMundo,TecMundo,11,27,11,2015,nerd,analysis
https://www.youtube.com/user/lista10devolta,10 motivos pra não comemorar antes da hora,Lista10,,27,11,2015,nerd,funny
https://www.youtube.com/watch?v=qzMo-nkHsSM,10 truques de mágica que deram errado,Lista10,14,27,11,2015,nerd,funny
https://www.youtube.com/watch?v=K76DD__q-hY,Os 10 maiores motoqueiros em fazer vergonha,Lista10,15,27,11,2015,nerd,funny
https://www.youtube.com/watch?v=iK2Q6j7XDS8,Olhar Digital - Mitos e verdades sobre baterias de celular.,OlharDigital,16,27,11,2015,nerd,news
https://www.youtube.com/watch?v=KOmDZ-hsc2s,Olhar Digital - Smartphones à prova d'água realmente funcionam debaixo d'água?,OlharDigital,18,27,11,2015,nerd,news
http://globoplay.globo.com/v/4642732/,Transportes aumentam emissão de gases do efeito estufa do Brasil,Bom Dia Brasil,1,30,11,2015,journal,nature
http://globoplay.globo.com/v/4642757/,Representantes de quase 200 países participam da cerimônia de abertura da COP 21,Bom Dia Brasil,2,30,11,2015,journal,nature
http://globoplay.globo.com/v/4642766/,Aumento do desmatamento da Amazônia pode comprometer propostas do Brasil na COP 21,Bom Dia Brasil,3,30,11,2015,journal,nature
http://globoplay.globo.com/v/4642818/,STF decide que André Esteves e chefe de gabinete de Delcídio vão continuar presos,Bom Dia Brasil,4,30,11,2015,journal,politics
http://globoplay.globo.com/v/4642928/,Milhões de brasileiros fazem doações para vítimas da tragédia ambiental em Mariana (MG),Bom Dia Brasil,5,30,11,2015,journal,charity
http://globoplay.globo.com/v/4642899/,Última rodada do Brasileirão vai definir vaga na libertadores e três rebaixados,Bom Dia Brasil,6,30,11,2015,journal,sports
https://www.youtube.com/watch?v=8nIbbralASw,LG Prime 2 [Análise] - TecMundo,TecMundo,8,30,11,2015,nerd,analysis
https://www.youtube.com/watch?v=HcpDuTLIyWg,"Hoje no TecMundo (26/11/2015) - Black Friday, Raspberry Pi Zero e abandono da AMD",TecMundo,9,30,11,2015,nerd,economy
https://www.youtube.com/watch?v=bqq1UQGZcv0,Os 10 tombos mais engraçados em piscinas,Lista10,10,30,11,2015,nerd,funny
https://www.youtube.com/watch?v=0EansuPy3bo,10 hérois da vida real,Lista10,11,30,11,2015,nerd,funny
https://www.youtube.com/watch?v=aDDeyhfltpc,10 cães que não gostam nem um pouco de banho,Lista10,12,30,11,2015,nerd,funny
https://www.youtube.com/watch?v=b6U0W3eXr3k,"Melhores jogos Casuais e Puzzle de 2015 para Android, iPhone e Windows Phone - Baixaki",TecMundo,13,30,11,2015,nerd,games
https://www.youtube.com/watch?v=aAnyPvMiUHk,Notebook Acer Aspire R11 [Análise] - TecMundo,TecMundo,14,30,11,2015,nerd,analysis
https://www.youtube.com/watch?v=Fa1L6QAwGco,5 coisas que podem ser hackeadas e você não sabia - TecMundo,TecMundo,15,30,11,2015,nerd,news
https://www.youtube.com/watch?v=Wrj1BzV_5h0,Conheça todos os celulares da Motorola e descubra qual é o melhor para você – TecMundo,TecMundo,16,30,11,2015,nerd,news
https://www.youtube.com/watch?v=PHWh8kTkRT8,Melhores do ano 2015: Smartphone super top de linha (até R$ 5 mil) – TecMundo,TecMundo,17,30,11,2015,nerd,news